,sample_id,clone_id,confident,tumor,copykat
0,AAACCTGCACCTTGTC-1,0,True,T,1
1,AAACGGGAGTCCTCCT-1,0,True,N,2
2,AAACGGGTCCAGAGGA-1,0,True,T,1
3,AAAGATGCAGTTTACG-1,0,True,T,3
4,AAAGCAACAGGAATGC-1,0,True,T,1
5,AAAGCAATCGGAATCT-1,0,True,T,3
6,AAAGTAGAGTGTACTC-1,0,True,N,2
7,AAAGTAGCAGCCTATA-1,0,True,T,1
8,AAAGTAGGTACAGTTC-1,0,True,N,2
9,AAAGTAGTCGCATGAT-1,1,True,T,3
10,AAAGTAGTCTATCCCG-1,0,True,T,1
11,AAATGCCAGTACGTTC-1,0,True,T,1
12,AAATGCCCATTGGTAC-1,0,True,T,1
13,AAATGCCGTTGGTTTG-1,0,True,T,1
14,AACACGTTCTTAGAGC-1,0,True,T,1
15,AACCATGAGATGTCGG-1,0,True,T,1
16,AACCATGGTGTGGTTT-1,0,True,T,1
17,AACCATGTCACCACCT-1,0,True,T,1
18,AACCATGTCACCAGGC-1,0,False,T,3
19,AACCATGTCGTATCAG-1,0,True,N,2
20,AACCATGTCGTTTATC-1,0,True,T,1
21,AACCGCGCACCTATCC-1,0,True,T,1
22,AACCGCGGTGTCAATC-1,0,True,T,3
23,AACCGCGTCAAAGACA-1,0,True,T,1
24,AACGTTGTCGACCAGC-1,0,True,T,3
25,AACTCAGAGCTAGGCA-1,0,True,N,2
26,AACTCAGCAAGAAAGG-1,0,True,T,1
27,AACTCAGTCAGGATCT-1,0,True,T,1
28,AACTCAGTCCCAAGAT-1,0,False,T,3
29,AACTCCCCAAGCCCAC-1,0,True,T,1
30,AACTCCCCAGCAGTTT-1,0,True,T,1
31,AACTCCCGTAGGAGTC-1,0,True,T,1
32,AACTCCCGTGCACCAC-1,0,True,T,1
33,AACTCCCTCTCTAGGA-1,0,True,N,2
34,AACTCTTCAATAACGA-1,0,False,N,2
35,AACTCTTTCTTGTCAT-1,0,True,T,3
36,AACTGGTGTTTCCACC-1,0,True,N,2
37,AAGACCTCAGCTGCTG-1,0,True,T,1
38,AAGCCGCAGAAACCGC-1,0,True,N,2
39,AAGGAGCAGACAAGCC-1,0,True,T,3
40,AAGGAGCTCGAACTGT-1,0,True,T,1
41,AAGGCAGGTCACCTAA-1,0,True,T,1
42,AAGGCAGTCGCATGGC-1,0,True,N,2
43,AAGGTTCGTAGCGCTC-1,0,True,N,2
44,AAGGTTCGTTTAAGCC-1,0,True,T,1
45,AAGGTTCTCGAGCCCA-1,0,True,T,1
46,AAGTCTGCAGCTATTG-1,0,True,N,2
47,AAGTCTGCATCCGTGG-1,0,True,T,3
48,AATCCAGGTGCAACGA-1,0,True,T,3
49,AATCGGTTCGCATGGC-1,0,True,T,1
50,AATCGGTTCTCTAGGA-1,0,True,T,1
51,ACACCAAAGCACGCCT-1,0,True,T,3
52,ACACCCTAGAGCTTCT-1,0,True,T,1
53,ACACCCTGTAGCTAAA-1,0,True,N,2
54,ACACCGGCATGGTCTA-1,0,True,T,1
55,ACAGCTACACAGACTT-1,0,False,N,2
56,ACAGCTATCCAAGCCG-1,0,True,T,1
57,ACATCAGCAGTGACAG-1,0,True,T,1
58,ACCAGTAAGTTCGATC-1,0,True,T,1
59,ACCAGTACAGTTAACC-1,0,True,T,3
60,ACCAGTATCGTAGGAG-1,0,False,T,3
61,ACCCACTCATCGATGT-1,0,True,N,2
62,ACCCACTCATTGTGCA-1,0,True,T,1
63,ACCGTAAAGTATCTCG-1,0,True,T,3
64,ACCGTAACATGGAATA-1,0,True,T,1
65,ACCTTTACATCCGTGG-1,1,True,T,3
66,ACCTTTATCACCTTAT-1,0,True,N,2
67,ACGAGCCAGGCAAAGA-1,0,True,T,3
68,ACGAGCCTCCCTCAGT-1,0,True,T,1
69,ACGAGGACATGGTCTA-1,0,True,T,1
70,ACGATACGTCTAGTCA-1,0,True,T,3
71,ACGATACGTGACAAAT-1,0,True,N,2
72,ACGATACGTTGTTTGG-1,0,True,T,1
73,ACGATACTCCGTAGTA-1,0,True,T,3
74,ACGATGTTCTGTCAAG-1,0,True,T,3
75,ACGCAGCAGGCAATTA-1,0,True,T,1
76,ACGCAGCCAACACCCG-1,0,True,T,1
77,ACGCAGCCAGATAATG-1,0,False,N,2
78,ACGCAGCGTTCAACCA-1,0,True,T,1
79,ACGCCAGTCACAGTAC-1,1,True,T,3
80,ACGGAGAAGCAGGTCA-1,0,True,N,2
81,ACGGAGACATCCGTGG-1,0,True,T,1
82,ACGGCCAAGGGATGGG-1,0,True,N,2
83,ACGGCCACAAAGGAAG-1,0,True,T,3
84,ACGGCCACACTTAACG-1,0,True,T,1
85,ACGGCCAGTCAATACC-1,1,True,T,3
86,ACGGCCAGTTTGCATG-1,0,True,T,1
87,ACGGCCATCAGATAAG-1,0,True,T,1
88,ACGGCCATCCCTAACC-1,0,True,T,1
89,ACGGGCTAGCTGGAAC-1,0,True,N,2
90,ACGGGCTGTATAGGTA-1,0,True,T,3
91,ACGGGTCCACCAGATT-1,0,True,T,1
92,ACGGGTCCATACGCCG-1,0,True,T,1
93,ACGGGTCGTGTGAAAT-1,0,True,T,3
94,ACGTCAAAGACCTAGG-1,1,True,T,3
95,ACGTCAAGTGCAACGA-1,0,True,T,1
96,ACTATCTCAGTTTACG-1,0,True,T,3
97,ACTATCTGTAAGTGGC-1,0,True,T,1
98,ACTGAACAGATGCCTT-1,0,True,T,1
99,ACTGAACGTTCGTGAT-1,0,False,T,1
100,ACTGAACTCTTTAGTC-1,0,True,T,3
101,ACTGAGTAGCGGCTTC-1,0,True,T,1
102,ACTGAGTCATCGGAAG-1,0,True,N,2
103,ACTGAGTTCCCGACTT-1,0,True,N,2
104,ACTGATGGTCTCCACT-1,0,True,N,2
105,ACTGATGGTGAGTGAC-1,0,True,T,3
106,ACTGCTCAGGGCACTA-1,0,True,T,1
107,ACTGCTCCATACTACG-1,0,True,N,2
108,ACTGTCCGTAGAAAGG-1,0,True,T,3
109,ACTGTCCGTCATGCAT-1,0,True,T,1
110,ACTGTCCTCAAACGGG-1,1,True,T,3
111,ACTTACTAGTTTGCGT-1,0,True,N,2
112,ACTTACTCACGAAGCA-1,0,True,T,1
113,ACTTGTTAGTTCGCAT-1,0,True,T,2
114,ACTTGTTTCAGTACGT-1,0,True,T,1
115,ACTTTCACACAACTGT-1,0,True,T,1
116,ACTTTCACATGTCTCC-1,0,True,N,2
117,ACTTTCAGTGCTGTAT-1,0,True,T,1
118,ACTTTCATCCAGTAGT-1,0,True,T,1
119,AGAATAGAGAAGGCCT-1,0,True,T,1
120,AGAATAGAGAAGGGTA-1,0,True,T,3
121,AGAATAGTCAATCTCT-1,0,True,N,2
122,AGACGTTAGCACGCCT-1,0,True,T,3
123,AGACGTTAGCGTTGCC-1,0,True,T,3
124,AGACGTTGTAAAGTCA-1,0,True,N,2
125,AGAGCGACATTTGCCC-1,0,True,T,3
126,AGAGCTTTCGAACTGT-1,0,True,N,2
127,AGAGTGGTCACTCTTA-1,0,False,T,3
128,AGATCTGAGATGTGTA-1,0,True,T,3
129,AGATCTGCACAGCCCA-1,0,True,T,1
130,AGATCTGGTCCGAAGA-1,0,True,T,3
131,AGATCTGGTCTAGCCG-1,0,True,T,1
132,AGATTGCCACCACCAG-1,0,True,T,1
133,AGATTGCTCGTATCAG-1,0,True,N,2
134,AGATTGCTCTTGAGAC-1,0,True,T,1
135,AGCAGCCGTCCGACGT-1,0,True,N,2
136,AGCAGCCTCAGCTCTC-1,0,True,N,2
137,AGCAGCCTCGACAGCC-1,0,True,N,2
138,AGCAGCCTCTCCGGTT-1,0,True,T,1
139,AGCATACGTACCGAGA-1,0,True,N,2
140,AGCATACTCGTCACGG-1,0,True,T,1
141,AGCCTAAAGCTGCAAG-1,0,True,T,3
142,AGCCTAACAGCTGCTG-1,0,True,N,2
143,AGCCTAAGTCGCTTTC-1,0,True,T,3
144,AGCGGTCAGCTCCTCT-1,1,True,T,3
145,AGCGGTCTCATCTGTT-1,0,True,T,1
146,AGCGGTCTCGATGAGG-1,0,True,T,1
147,AGCGTATAGGACAGCT-1,0,True,T,3
148,AGCGTATGTTCAGACT-1,0,True,N,2
149,AGCGTCGAGGGATGGG-1,0,True,T,1
150,AGCGTCGAGTGATCGG-1,0,False,T,3
151,AGCGTCGTCGAGCCCA-1,0,True,T,1
152,AGCTCCTCACATCCGG-1,0,True,T,3
153,AGCTCTCCAGCCACCA-1,0,True,T,1
154,AGCTCTCTCAGCGATT-1,0,True,N,2
155,AGCTTGAGTTACGGAG-1,1,True,T,3
156,AGGCCACCAGTAAGCG-1,0,True,T,1
157,AGGCCGTAGTTCCACA-1,0,True,N,2
158,AGGCCGTTCCGTACAA-1,0,True,T,1
159,AGGGAGTTCACGAAGG-1,1,True,T,1
160,AGGGATGAGAAGATTC-1,0,True,T,1
161,AGGGATGCAATCCGAT-1,1,True,T,3
162,AGGGATGTCGCTTAGA-1,0,True,T,1
163,AGGTCATAGACACTAA-1,0,False,T,1
164,AGGTCATAGCAGACTG-1,0,True,T,3
165,AGGTCATAGCGTGAGT-1,0,True,T,1
166,AGGTCATGTATAAACG-1,0,True,T,1
167,AGGTCATGTGCTAGCC-1,1,True,T,3
168,AGGTCATTCTCTAAGG-1,0,False,T,3
169,AGGTCCGTCTGTCTCG-1,0,True,T,3
170,AGTCTTTAGCGCTTAT-1,0,True,N,2
171,AGTGAGGAGGTGCACA-1,0,True,N,2
172,AGTGGGAGTAGAGCTG-1,0,True,N,2
173,AGTGGGAGTCAATGTC-1,0,True,N,2
174,AGTGGGAGTCGAAAGC-1,0,True,N,2
175,AGTGGGAGTGGTCCGT-1,0,True,T,1
176,AGTGTCAAGACTAGGC-1,0,True,T,1
177,AGTGTCATCTGCTGTC-1,0,True,T,1
178,AGTTGGTAGACCACGA-1,0,True,N,2
179,AGTTGGTCAAGGTTTC-1,0,True,T,1
180,AGTTGGTCAGGACCCT-1,0,True,N,2
181,AGTTGGTGTCTGATTG-1,0,True,T,1
182,AGTTGGTTCCCTAATT-1,1,True,T,3
183,AGTTGGTTCGCCATAA-1,0,True,T,1
184,ATAACGCCACGTCAGC-1,0,True,T,1
185,ATAACGCCAGTGAGTG-1,0,True,T,3
186,ATAACGCGTGTGGTTT-1,0,False,N,2
187,ATAACGCTCCACTCCA-1,0,True,T,3
188,ATAACGCTCCGCATAA-1,0,True,N,2
189,ATAAGAGAGATATGGT-1,0,True,T,1
190,ATAAGAGCATGTAGTC-1,0,True,T,1
191,ATAAGAGTCCCTAATT-1,0,True,T,3
192,ATAAGAGTCTTGAGAC-1,0,True,T,1
193,ATAGACCAGCAGGTCA-1,0,True,T,1
194,ATAGACCCATCCTTGC-1,0,True,N,2
195,ATCATCTAGCTTATCG-1,0,True,T,1
196,ATCATCTGTTCCCGAG-1,0,True,T,3
197,ATCATCTTCGAGAACG-1,0,True,T,1
198,ATCATCTTCTGTGCAA-1,0,True,N,2
199,ATCATGGCACCACCAG-1,0,True,T,1
200,ATCATGGCACGACGAA-1,1,True,T,3
201,ATCCACCAGCGTAATA-1,0,True,T,1
202,ATCCACCAGGTGATAT-1,0,True,N,2
203,ATCCACCTCGAGAGCA-1,0,True,T,1
204,ATCGAGTAGGAACTGC-1,0,True,T,1
205,ATCGAGTAGTGTCCCG-1,0,True,T,3
206,ATCGAGTCAAGAGGCT-1,0,True,T,3
207,ATCTACTAGCACCGTC-1,0,True,T,1
208,ATCTACTAGCGCCTTG-1,0,True,N,2
209,ATCTACTGTGCTGTAT-1,0,True,N,2
210,ATCTGCCGTGGCGAAT-1,1,True,T,3
211,ATGAGGGAGTGTTTGC-1,0,True,T,1
212,ATGAGGGGTATGAAAC-1,0,True,N,2
213,ATGAGGGTCACTTATC-1,0,True,T,3
214,ATGAGGGTCTTAACCT-1,0,True,T,1
215,ATGCGATGTAGAGGAA-1,0,True,T,3
216,ATGCGATGTTCCGTCT-1,1,True,N,2
217,ATGGGAGGTAAGTGTA-1,0,True,T,1
218,ATGTGTGAGCGTTGCC-1,0,True,T,3
219,ATGTGTGAGGCGTACA-1,0,True,N,2
220,ATTATCCCAGCCAGAA-1,0,True,T,3
221,ATTATCCGTCTGCAAT-1,0,True,T,1
222,ATTCTACAGTGTCTCA-1,0,True,T,1
223,ATTCTACGTTTACTCT-1,0,True,T,1
224,ATTGGACGTCGGCTCA-1,0,True,T,1
225,ATTGGACGTTACGCGC-1,1,True,T,3
226,ATTGGTGCATGGGACA-1,0,True,T,1
227,ATTGGTGTCAGTCCCT-1,0,True,T,1
228,ATTTCTGAGGACCACA-1,0,True,T,1
229,ATTTCTGCAAAGCAAT-1,0,True,T,3
230,ATTTCTGGTCCATCCT-1,1,True,T,3
231,CAACCAACAAACTGTC-1,0,False,T,3
232,CAACCAACAATTCCTT-1,0,True,T,3
233,CAACCTCCATCACGTA-1,0,True,T,3
234,CAACCTCGTTGCTCCT-1,0,True,T,3
235,CAACCTCTCCTAGGGC-1,0,True,T,3
236,CAACTAGAGGTACTCT-1,0,True,T,3
237,CAAGAAAAGACAAAGG-1,0,True,T,1
238,CAAGAAACAAACTGTC-1,0,True,T,1
239,CAAGAAATCATAGCAC-1,0,True,T,3
240,CAAGATCAGCTCTCGG-1,0,True,N,2
241,CAAGATCAGGATCGCA-1,0,True,T,1
242,CAAGATCAGTCGTACT-1,0,True,N,2
243,CAAGATCCACCAGATT-1,0,True,N,2
244,CAAGATCCATGTCCTC-1,0,True,T,3
245,CAAGATCGTCGGCATC-1,0,True,T,1
246,CAAGATCTCGATCCCT-1,0,True,T,3
247,CAAGATCTCTAACTGG-1,0,True,T,3
248,CAAGATCTCTGTACGA-1,0,True,N,2
249,CAAGGCCGTGCGATAG-1,0,True,N,2
250,CAAGGCCTCGGTTAAC-1,0,True,T,1
251,CAAGTTGAGCTCCTCT-1,0,True,N,2
252,CACAAACCAAAGCAAT-1,0,True,T,3
253,CACACAACAAGTTCTG-1,0,True,T,1
254,CACACAACATTTGCTT-1,0,True,T,1
255,CACACAATCAGTCCCT-1,1,False,N,2
256,CACACAATCGTGGACC-1,0,True,T,1
257,CACACCTCAAGAAGAG-1,0,True,T,1
258,CACACCTTCTTACCGC-1,0,True,T,3
259,CACACTCAGGGCTTCC-1,0,True,N,2
260,CACACTCAGTCCTCCT-1,0,True,T,1
261,CACACTCCAACTGCTA-1,0,True,N,2
262,CACAGGCAGTACACCT-1,0,True,T,1
263,CACAGTAAGGTAAACT-1,0,True,N,2
264,CACAGTACAAACCCAT-1,0,True,T,3
265,CACAGTAGTAGAGTGC-1,0,True,T,1
266,CACAGTATCGGTTCGG-1,0,True,T,1
267,CACATAGGTGGTTTCA-1,0,True,N,2
268,CACCACTAGACTGTAA-1,0,True,T,3
269,CACCACTAGCTAAACA-1,0,True,N,2
270,CACCACTTCACAACGT-1,0,True,T,1
271,CACCACTTCCTCATTA-1,0,True,T,1
272,CACCAGGGTCGCATCG-1,0,True,T,1
273,CACCTTGCATTACCTT-1,0,True,T,1
274,CACCTTGGTACAGCAG-1,0,True,T,1
275,CACCTTGGTCTTCTCG-1,0,True,T,1
276,CACTCCACATGATCCA-1,1,True,T,3
277,CAGAATCAGGACAGAA-1,0,True,N,2
278,CAGAATCAGGATGCGT-1,0,True,T,3
279,CAGAATCTCCATGAAC-1,0,True,T,1
280,CAGAGAGCAGTATAAG-1,0,True,N,2
281,CAGCAGCAGGACGAAA-1,0,True,N,2
282,CAGCAGCCAATCTACG-1,0,True,N,2
283,CAGCAGCTCCCGACTT-1,0,True,T,3
284,CAGCCGAGTCTAGTCA-1,0,True,T,3
285,CAGCGACAGCATCATC-1,0,True,T,3
286,CAGCGACCACTCGACG-1,0,True,T,1
287,CAGCGACCATGCGCAC-1,0,True,N,2
288,CAGCTAAAGATGGGTC-1,0,True,T,3
289,CAGCTAAAGTACATGA-1,0,True,T,1
290,CAGCTAACAGGTGGAT-1,0,True,T,3
291,CAGCTAACATGCAATC-1,0,False,T,3
292,CAGCTAAGTAGTAGTA-1,0,True,T,1
293,CAGCTAAGTGCTAGCC-1,0,True,N,2
294,CAGCTAATCCACGACG-1,0,True,T,1
295,CAGCTGGAGAGGGATA-1,0,True,T,3
296,CAGCTGGAGGAACTGC-1,0,True,N,2
297,CAGCTGGGTACCGTAT-1,0,True,N,2
298,CAGGTGCAGCAGCCTC-1,0,True,N,2
299,CAGGTGCAGCGCCTCA-1,0,True,T,1
300,CAGGTGCAGTGACTCT-1,0,True,T,1
301,CATATGGAGACCACGA-1,0,False,T,3
302,CATATGGAGCCTTGAT-1,0,True,T,1
303,CATATGGAGGTGATAT-1,0,True,T,1
304,CATATGGCAAAGTCAA-1,0,True,T,1
305,CATATGGCACGAAACG-1,0,True,T,3
306,CATATGGGTCAAAGAT-1,0,True,N,2
307,CATATGGTCTCTTGAT-1,0,True,N,2
308,CATATTCGTACCGAGA-1,0,True,T,1
309,CATCAAGAGAGTGAGA-1,0,True,N,2
310,CATCAAGAGTCTCCTC-1,0,True,T,1
311,CATCAAGAGTCTTGCA-1,0,True,N,2
312,CATCAAGCAATCGGTT-1,0,True,T,1
313,CATCAAGGTGTGTGCC-1,0,True,N,2
314,CATCAGATCCTCGCAT-1,0,True,N,2
315,CATCCACCAAGCGCTC-1,1,True,T,3
316,CATCCACCAGCCTATA-1,0,True,T,1
317,CATCCACCAGGCTCAC-1,0,True,T,1
318,CATCGGGAGAATAGGG-1,0,True,N,2
319,CATCGGGAGCGTCAAG-1,0,True,T,3
320,CATCGGGAGTACTTGC-1,0,True,T,1
321,CATCGGGCAATGCCAT-1,1,True,T,3
322,CATCGGGTCACGGTTA-1,0,True,T,1
323,CATCGGGTCATACGGT-1,0,True,T,3
324,CATCGGGTCGGTGTTA-1,0,True,T,3
325,CATCGGGTCTCCTATA-1,1,True,T,3
326,CATGACAGTTGTACAC-1,0,True,T,1
327,CATGCCTGTCGAGTTT-1,0,True,N,2
328,CATGGCGTCTTTCCTC-1,0,True,T,3
329,CATTCGCTCCAGGGCT-1,0,True,T,3
330,CCAATCCAGGTGATAT-1,0,True,T,1
331,CCAATCCAGTTGTAGA-1,0,True,N,2
332,CCAATCCCATAACCTG-1,0,True,T,1
333,CCAATCCGTATATCCG-1,0,True,T,1
334,CCAATCCGTCTGCCAG-1,0,True,T,3
335,CCAATCCGTGTAATGA-1,0,True,T,1
336,CCACCTAAGGGTTCCC-1,0,True,T,3
337,CCACCTACAGTCGTGC-1,0,True,T,1
338,CCACGGAAGGAGTAGA-1,0,False,T,3
339,CCACGGACACTTAACG-1,0,True,T,3
340,CCACTACCAGGATTGG-1,0,True,T,1
341,CCACTACTCTATCCCG-1,0,True,T,1
342,CCAGCGAAGGCATGGT-1,0,True,N,2
343,CCAGCGACAGTCACTA-1,0,True,N,2
344,CCAGCGATCTGCTGCT-1,0,True,T,3
345,CCATGTCCACCACGTG-1,0,True,T,1
346,CCATGTCGTTCGTTGA-1,0,True,N,2
347,CCATTCGAGCTCTCGG-1,0,True,T,3
348,CCATTCGAGGTGCTTT-1,0,True,T,3
349,CCATTCGCATAGGATA-1,0,True,T,1
350,CCATTCGGTTAAAGAC-1,0,True,T,3
351,CCCAATCAGTGTGGCA-1,0,True,T,1
352,CCCAATCTCCGTACAA-1,0,True,T,3
353,CCCAGTTAGCTCCCAG-1,0,True,T,3
354,CCCAGTTCACCACGTG-1,0,True,T,1
355,CCCAGTTGTATAGGGC-1,0,True,N,2
356,CCCATACAGTCGTACT-1,0,True,T,3
357,CCCATACCATTTGCCC-1,0,True,T,3
358,CCCATACGTCTGGTCG-1,0,True,T,1
359,CCCTCCTCACTCTGTC-1,0,True,T,1
360,CCGGGATGTACTCGCG-1,0,True,T,3
361,CCGGGATTCCAGGGCT-1,0,True,N,2
362,CCGGTAGAGCGATAGC-1,0,True,N,2
363,CCGGTAGGTACCAGTT-1,0,True,T,1
364,CCGGTAGGTATGAATG-1,0,True,N,2
365,CCGGTAGGTCATCGGC-1,0,True,T,1
366,CCGGTAGTCAATCTCT-1,0,True,T,3
367,CCGGTAGTCCGATATG-1,0,True,T,3
368,CCGGTAGTCCTGCAGG-1,0,True,N,2
369,CCGTACTGTTCCGTCT-1,0,True,N,2
370,CCGTACTGTTCCTCCA-1,0,True,N,2
371,CCGTGGATCTGCCCTA-1,0,True,T,1
372,CCGTTCAAGATGTTAG-1,0,True,N,2
373,CCGTTCATCCCGGATG-1,0,True,T,3
374,CCGTTCATCCGGCACA-1,1,True,N,2
375,CCTAAAGAGGTCATCT-1,0,True,T,1
376,CCTAAAGCAATGCCAT-1,0,True,T,1
377,CCTAAAGCAATTCCTT-1,0,True,T,1
378,CCTAAAGCATGGAATA-1,0,True,T,1
379,CCTAAAGGTGATGTGG-1,0,True,N,2
380,CCTAAAGTCCGAACGC-1,0,True,T,1
381,CCTACACCAGATAATG-1,0,True,T,1
382,CCTACACGTAAGGATT-1,0,True,N,2
383,CCTACCATCTTCCTTC-1,0,True,N,2
384,CCTAGCTAGCCACGCT-1,0,True,T,1
385,CCTAGCTGTCACTGGC-1,0,True,T,1
386,CCTAGCTGTGTGACGA-1,0,True,N,2
387,CCTATTAAGTGGAGAA-1,0,True,T,1
388,CCTCAGTTCGGAATCT-1,0,True,N,2
389,CCTCTGATCATGCAAC-1,0,True,N,2
390,CCTTACGCACGAAACG-1,0,False,T,3
391,CCTTACGCACGGCTAC-1,0,True,T,1
392,CCTTACGCATAGAAAC-1,0,True,T,3
393,CCTTACGCATTCTCAT-1,0,True,T,3
394,CCTTCCCAGTTACCCA-1,0,True,T,1
395,CCTTCCCGTTGCGCAC-1,0,True,T,3
396,CCTTCCCGTTTGTTTC-1,0,True,T,3
397,CCTTCGACAACACGCC-1,0,True,T,3
398,CCTTCGACACCGGAAA-1,0,True,T,1
399,CCTTTCTCATCGGGTC-1,0,True,T,1
400,CCTTTCTGTAACGTTC-1,0,True,T,1
401,CGAATGTGTCTTCTCG-1,0,True,T,1
402,CGAATGTGTGACGCCT-1,0,False,T,3
403,CGAATGTGTGCTGTAT-1,0,True,N,2
404,CGACCTTCACCCTATC-1,0,True,T,1
405,CGACCTTCACCTATCC-1,0,True,N,2
406,CGACTTCTCTACCAGA-1,0,True,T,1
407,CGAGAAGAGAACTCGG-1,0,True,T,1
408,CGAGAAGAGCGCTCCA-1,0,True,T,1
409,CGAGCACCACCACCAG-1,0,True,N,2
410,CGAGCACTCAACTCTT-1,0,True,T,1
411,CGAGCCACACATGGGA-1,0,True,N,2
412,CGAGCCATCCCAAGTA-1,0,True,T,1
413,CGAGCCATCTTGCATT-1,0,True,T,3
414,CGATCGGCACGGTGTC-1,0,True,T,3
415,CGATCGGCATCTACGA-1,0,True,T,3
416,CGATCGGTCTGCGTAA-1,0,False,N,2
417,CGATGGCCACCAGTTA-1,0,True,T,1
418,CGATGTAAGAACTGTA-1,0,True,T,1
419,CGATGTAGTAAATGTG-1,0,True,T,3
420,CGATGTATCAGTGTTG-1,0,True,T,1
421,CGCCAAGAGAGTCGGT-1,0,True,T,3
422,CGCCAAGCAATCAGAA-1,0,True,T,1
423,CGCGTTTAGGTGATAT-1,0,True,T,3
424,CGCGTTTCACCGATAT-1,0,True,T,3
425,CGCGTTTTCATCGGAT-1,0,True,T,1
426,CGCTATCAGCTCTCGG-1,0,True,T,1
427,CGCTATCAGTACATGA-1,0,True,N,2
428,CGCTATCCAGCTTCGG-1,0,True,T,1
429,CGCTGGAGTAAATGAC-1,0,True,T,1
430,CGCTTCAGTGACGCCT-1,0,True,T,1
431,CGCTTCATCTCTTATG-1,0,True,N,2
432,CGGACGTTCCACGCAG-1,0,True,T,3
433,CGGACTGGTTTAGCTG-1,0,True,T,1
434,CGGACTGTCAGTTTGG-1,0,True,T,1
435,CGGAGCTCAATCTGCA-1,0,True,T,1
436,CGGAGTCAGCAACGGT-1,0,True,N,2
437,CGGAGTCCATGGTCTA-1,0,True,T,1
438,CGGAGTCTCAGTTGAC-1,0,True,T,1
439,CGGCTAGGTCCGAATT-1,0,True,T,3
440,CGGGTCAGTACCGGCT-1,0,True,T,1
441,CGGGTCATCATTGCGA-1,0,True,N,2
442,CGGTTAAAGGCAATTA-1,0,True,N,2
443,CGGTTAAGTTACCGAT-1,1,True,T,3
444,CGGTTAATCGCCATAA-1,0,True,N,2
445,CGGTTAATCTAGAGTC-1,1,True,T,3
446,CGTAGCGAGATGCCAG-1,0,True,T,1
447,CGTAGCGAGCGTGAAC-1,0,True,T,3
448,CGTAGCGAGGATTCGG-1,0,True,T,1
449,CGTAGCGCAAGCCGTC-1,0,True,T,1
450,CGTAGGCCATGTCCTC-1,0,True,T,1
451,CGTAGGCTCTGTCTCG-1,0,True,N,2
452,CGTCACTGTACAGTGG-1,0,True,N,2
453,CGTCACTGTTAAGGGC-1,0,True,T,1
454,CGTCACTTCTCCAACC-1,0,True,T,1
455,CGTCAGGAGCCGGTAA-1,0,True,T,3
456,CGTCAGGAGGGTGTTG-1,0,True,T,1
457,CGTCAGGTCAGAGCTT-1,0,True,T,1
458,CGTCCATCAGCTGCTG-1,0,True,N,2
459,CGTCCATCATGTCTCC-1,0,True,N,2
460,CGTCCATTCGTTGACA-1,0,False,T,1
461,CGTGAGCAGACTTGAA-1,0,True,T,1
462,CGTGAGCGTCAATGTC-1,0,True,N,2
463,CGTGAGCGTCCGAACC-1,0,True,T,1
464,CGTGTAACAAGCTGAG-1,0,True,T,3
465,CGTGTAACAGCGTAAG-1,0,True,T,1
466,CGTGTAACAGGCTGAA-1,0,True,N,2
467,CGTGTAAGTTAAGATG-1,0,True,T,1
468,CGTGTAATCAGTGTTG-1,0,True,N,2
469,CGTGTAATCGCCCTTA-1,0,False,T,3
470,CGTGTCTCATCGGGTC-1,1,True,T,3
471,CGTTAGAAGACACTAA-1,0,True,T,1
472,CGTTAGAAGCTGTTCA-1,0,True,T,3
473,CGTTAGACACCGAAAG-1,0,True,T,3
474,CGTTAGATCAAACAAG-1,0,True,T,1
475,CGTTAGATCAGCGACC-1,0,True,T,1
476,CGTTAGATCGTCCAGG-1,0,True,T,3
477,CGTTCTGAGTTGTCGT-1,0,True,N,2
478,CGTTCTGCACGAAGCA-1,0,True,T,1
479,CGTTCTGGTAAGAGAG-1,0,True,T,1
480,CGTTGGGAGACCCACC-1,0,True,T,1
481,CGTTGGGCAGTGGAGT-1,0,True,T,1
482,CGTTGGGCATGAAGTA-1,0,True,T,3
483,CTAACTTCATCATCCC-1,0,True,T,1
484,CTAACTTTCTCCAACC-1,0,True,T,1
485,CTAAGACAGAAACGAG-1,0,True,T,1
486,CTAAGACTCCCTAACC-1,0,True,T,1
487,CTAATGGCATACAGCT-1,0,True,N,2
488,CTAATGGGTATTAGCC-1,0,True,T,3
489,CTAATGGGTTCCTCCA-1,1,True,T,3
490,CTAATGGTCATTGCCC-1,0,True,T,1
491,CTACACCTCCTATGTT-1,0,True,T,1
492,CTACATTAGTAGATGT-1,0,True,T,3
493,CTACCCAGTCTCACCT-1,0,True,N,2
494,CTACGTCTCAATACCG-1,0,True,N,2
495,CTAGAGTTCTGCCAGG-1,0,True,T,1
496,CTAGCCTAGCAATCTC-1,0,True,T,3
497,CTAGCCTCAAGCCCAC-1,0,True,T,1
498,CTAGCCTCACCTCGGA-1,0,True,T,1
499,CTAGTGAAGAGGACGG-1,0,True,T,1
500,CTAGTGACAACCGCCA-1,0,True,N,2
501,CTAGTGATCCTCCTAG-1,0,True,T,1
502,CTCACACGTGTGGTTT-1,0,True,T,1
503,CTCACACTCAAGATCC-1,0,True,T,1
504,CTCACACTCACATGCA-1,0,True,T,1
505,CTCACACTCCTAGTGA-1,0,True,T,1
506,CTCAGAAAGCGGCTTC-1,0,True,N,2
507,CTCAGAAAGGGCTTGA-1,0,True,T,1
508,CTCAGAAGTGTGACGA-1,0,True,T,1
509,CTCATTACAGGCGATA-1,0,True,T,1
510,CTCATTAGTCTACCTC-1,0,True,T,1
511,CTCATTAGTCTAGCCG-1,0,False,T,3
512,CTCATTATCAGCTTAG-1,0,True,T,1
513,CTCCTAGAGGCATGGT-1,0,True,N,2
514,CTCCTAGAGTAGGCCA-1,0,True,T,3
515,CTCGAAAAGTTAGCGG-1,0,True,T,3
516,CTCGGAGGTCCGAATT-1,0,True,T,1
517,CTCGGGATCGTGGTCG-1,1,False,N,2
518,CTCGGGATCTGAGGGA-1,1,True,T,3
519,CTCGTACAGAGCAATT-1,0,True,T,1
520,CTCGTACCAGACGCTC-1,0,True,N,2
521,CTCGTCAGTCTAAAGA-1,0,True,T,3
522,CTCTAATAGGATCGCA-1,0,True,N,2
523,CTCTAATAGTGAATTG-1,0,True,T,1
524,CTCTAATGTTTAGCTG-1,0,True,T,3
525,CTCTACGAGTGTTTGC-1,0,True,N,2
526,CTCTACGCACTTGGAT-1,0,True,T,1
527,CTCTACGGTGACTACT-1,0,True,N,2
528,CTCTGGTAGTGCCATT-1,0,True,N,2
529,CTCTGGTCATTAACCG-1,0,True,T,1
530,CTCTGGTGTCGGCATC-1,0,True,N,2
531,CTCTGGTGTTAAGATG-1,0,True,T,1
532,CTCTGGTTCGTGGACC-1,0,True,N,2
533,CTGAAACAGAAACCTA-1,0,True,N,2
534,CTGAAACAGGCATTGG-1,0,True,T,1
535,CTGAAACGTCCAGTGC-1,0,True,T,1
536,CTGAAACTCATGTCCC-1,0,True,T,1
537,CTGAAACTCCTGCCAT-1,0,True,T,1
538,CTGAAGTGTGAAGGCT-1,0,True,N,2
539,CTGAAGTTCAACACTG-1,0,True,N,2
540,CTGAAGTTCCCATTTA-1,0,True,T,3
541,CTGATAGGTCCGTCAG-1,0,True,T,1
542,CTGATCCAGCCGATTT-1,0,True,T,1
543,CTGATCCGTAGTACCT-1,0,True,N,2
544,CTGCGGAAGAGTCGGT-1,0,True,T,1
545,CTGCGGATCGGCTACG-1,1,True,T,3
546,CTGCTGTGTAATCGTC-1,0,True,T,1
547,CTGCTGTGTAGCACGA-1,0,True,T,3
548,CTGGTCTTCGCTGATA-1,0,True,T,3
549,CTGTGCTGTGGGTCAA-1,0,True,N,2
550,CTGTGCTGTGTGACCC-1,0,True,T,1
551,CTTAACTAGAGGTTAT-1,0,True,T,3
552,CTTAACTAGGGTGTTG-1,0,True,T,1
553,CTTAACTTCAACGAAA-1,0,True,T,1
554,CTTACCGGTAGCGTAG-1,0,True,N,2
555,CTTACCGTCCATTCTA-1,0,True,T,1
556,CTTCTCTCAATCAGAA-1,0,True,N,2
557,CTTCTCTCAATGAAAC-1,0,True,T,1
558,CTTCTCTCAATGGAAT-1,0,True,T,1
559,CTTCTCTGTACGCACC-1,0,True,T,1
560,CTTCTCTGTGTATGGG-1,0,True,T,3
561,CTTGGCTAGCGCCTCA-1,0,False,T,3
562,CTTGGCTCAGTAGAGC-1,0,True,T,1
563,CTTGGCTGTTGAGTTC-1,0,True,T,3
564,CTTTGCGTCCGAAGAG-1,0,True,N,2
565,GAAACTCCACCCAGTG-1,0,True,T,1
566,GAAACTCGTCTGCCAG-1,0,True,T,1
567,GAAACTCTCATGCAAC-1,0,False,T,3
568,GAAATGAAGTACGCCC-1,1,True,T,3
569,GAACATCCAATGGTCT-1,0,True,T,1
570,GAACATCGTAATAGCA-1,0,True,T,1
571,GAACATCGTACCGTTA-1,0,True,T,1
572,GAACCTAGTCGCATCG-1,0,True,T,3
573,GAACCTATCAGAGACG-1,0,True,T,3
574,GAACCTATCGTTTATC-1,0,True,T,1
575,GAACGGAAGCCTATGT-1,0,True,T,1
576,GAACGGAAGGAATTAC-1,0,True,N,2
577,GAACGGAAGTTACCCA-1,0,True,N,2
578,GAATAAGAGATCCGAG-1,0,True,T,1
579,GAATAAGGTGAAGGCT-1,0,True,N,2
580,GAATAAGGTTATGTGC-1,0,True,N,2
581,GACACGCTCTCGCATC-1,0,True,T,3
582,GACAGAGAGCAGGCTA-1,0,False,T,3
583,GACAGAGGTGTCTGAT-1,0,True,T,1
584,GACAGAGTCAACACGT-1,0,True,T,3
585,GACCAATAGACTAAGT-1,0,True,N,2
586,GACCTGGAGGAGTACC-1,0,True,T,1
587,GACCTGGCACCTCGTT-1,0,True,T,3
588,GACGCGTGTGACCAAG-1,0,True,N,2
589,GACGGCTGTTGTTTGG-1,0,True,T,3
590,GACGGCTTCTACTATC-1,0,True,N,2
591,GACGTGCAGACGCACA-1,0,True,T,1
592,GACGTGCCACTACAGT-1,0,True,N,2
593,GACGTTAGTTACGCGC-1,1,True,T,3
594,GACGTTATCTGGAGCC-1,0,True,N,2
595,GACTAACTCCCATTAT-1,0,True,T,1
596,GACTAACTCGGAATCT-1,0,True,T,1
597,GACTACAGTCGTCTTC-1,0,True,T,1
598,GACTACATCATCGATG-1,0,False,T,3
599,GACTACATCCTTTCTC-1,0,True,N,2
600,GACTGCGCAATGCCAT-1,0,True,T,1
601,GAGCAGAAGCCCAGCT-1,0,True,T,1
602,GAGCAGAAGTGGCACA-1,0,True,T,3
603,GAGCAGACAATGACCT-1,0,False,N,2
604,GAGTCCGGTAATCACC-1,0,True,T,1
605,GAGTCCGGTCTTCAAG-1,0,True,T,1
606,GAGTCCGGTGGTAACG-1,0,True,N,2
607,GAGTCCGTCTGACCTC-1,0,True,N,2
608,GATCAGTGTAGGAGTC-1,0,True,T,1
609,GATCGATCATTTCACT-1,0,True,N,2
610,GATCGATGTAGTACCT-1,1,True,T,3
611,GATCGATTCACCGGGT-1,0,True,T,1
612,GATCGTAAGTACGACG-1,0,True,N,2
613,GATCGTAAGTAGTGCG-1,0,True,T,1
614,GATCGTACACGAAAGC-1,0,True,T,1
615,GATCGTACAGATCGGA-1,0,False,N,2
616,GATCGTAGTTCCCGAG-1,0,True,T,1
617,GATCTAGAGCTGCGAA-1,0,True,T,3
618,GATCTAGCAGTCAGCC-1,0,False,T,3
619,GATCTAGGTAGCAAAT-1,1,True,T,3
620,GATCTAGTCAAACCGT-1,0,True,N,2
621,GATCTAGTCTATCCCG-1,0,True,N,2
622,GATGAAATCAACACAC-1,0,False,T,3
623,GATGAGGCACAACGCC-1,0,True,N,2
624,GATGAGGTCTCTGTCG-1,0,True,T,1
625,GATGCTATCATCGGAT-1,0,True,T,3
626,GATTCAGGTCCATGAT-1,0,True,T,3
627,GATTCAGGTCTGATTG-1,0,True,T,3
628,GATTCAGGTTAAGATG-1,0,True,N,2
629,GATTCAGTCCTATTCA-1,0,True,T,3
630,GCAAACTAGCGTGAAC-1,0,True,N,2
631,GCAAACTTCAACACGT-1,0,False,T,1
632,GCAATCACAACTGCTA-1,0,True,T,1
633,GCACATAGTAACGCGA-1,0,True,T,1
634,GCACATAGTTCCGGCA-1,0,True,T,1
635,GCACTCTTCCATGAGT-1,0,True,T,1
636,GCACTCTTCCCTAATT-1,0,True,N,2
637,GCACTCTTCTCGCTTG-1,0,True,T,1
638,GCAGCCAAGGAGTTTA-1,0,True,T,1
639,GCAGCCAAGGGCTTGA-1,0,True,T,3
640,GCAGCCACATCCGGGT-1,0,True,N,2
641,GCAGCCACATTCTCAT-1,0,True,T,1
642,GCAGCCATCATCTGTT-1,0,True,T,3
643,GCAGTTAAGCTAACTC-1,0,True,N,2
644,GCATACAAGTACGTTC-1,0,True,N,2
645,GCATACACACATGACT-1,0,True,T,3
646,GCATACATCCACTCCA-1,0,True,N,2
647,GCATGATAGAGGACGG-1,0,True,T,3
648,GCATGATCACACCGAC-1,0,True,N,2
649,GCATGATGTATGCTTG-1,0,True,T,3
650,GCATGATGTCGCGAAA-1,0,True,T,3
651,GCATGATTCCGAAGAG-1,0,True,T,1
652,GCATGCGAGAGAGCTC-1,0,True,T,1
653,GCATGCGAGATCCTGT-1,0,True,N,2
654,GCATGCGAGTTCCACA-1,1,True,T,3
655,GCATGCGGTGCCTGTG-1,0,True,N,2
656,GCATGCGGTTTAGGAA-1,0,True,N,2
657,GCATGTACAATCGAAA-1,0,True,T,3
658,GCATGTAGTAGCTAAA-1,0,True,N,2
659,GCATGTAGTGTAATGA-1,0,True,T,3
660,GCCAAATAGAATGTTG-1,0,True,T,3
661,GCCAAATCATCCTTGC-1,0,True,N,2
662,GCCAAATTCCGTCAAA-1,0,True,T,1
663,GCGAGAACAAGACACG-1,0,True,T,1
664,GCGAGAACACGTTGGC-1,0,True,T,3
665,GCGAGAATCATGCAAC-1,0,True,T,1
666,GCGAGAATCGGTCTAA-1,0,True,T,3
667,GCGAGAATCGTCACGG-1,0,True,T,3
668,GCGAGAATCTGCGTAA-1,0,True,N,2
669,GCGAGAATCTGGTTCC-1,0,True,N,2
670,GCGCAACAGGCGCTCT-1,0,True,N,2
671,GCGCAACCACAACGTT-1,0,True,T,3
672,GCGCAACTCCAAAGTC-1,0,True,T,1
673,GCGCAGTAGCAGCGTA-1,0,True,N,2
674,GCGCAGTCATGCAACT-1,0,True,N,2
675,GCGCAGTGTATCACCA-1,0,True,T,3
676,GCGCAGTGTGGTAACG-1,0,True,T,1
677,GCGCAGTTCACAACGT-1,0,False,T,3
678,GCGCCAACAACTTGAC-1,0,True,N,2
679,GCGCCAAGTTAAGGGC-1,0,True,T,1
680,GCGCCAATCAAGAAGT-1,0,True,T,3
681,GCGCGATAGGGTATCG-1,0,True,N,2
682,GCGCGATAGTCCGTAT-1,0,True,N,2
683,GCGCGATCACATAACC-1,0,True,T,3
684,GCGCGATTCATTGCGA-1,0,True,T,1
685,GCGCGATTCTGTCTCG-1,0,True,N,2
686,GCGGGTTAGGATATAC-1,0,True,T,3
687,GCGGGTTAGGGAAACA-1,0,True,T,3
688,GCGGGTTGTCAAAGAT-1,0,True,T,1
689,GCTCCTAAGAGTAATC-1,0,True,N,2
690,GCTCCTAAGCTCCTCT-1,0,True,N,2
691,GCTCCTAAGGAGCGAG-1,0,True,N,2
692,GCTCCTAGTATTCTCT-1,0,True,T,3
693,GCTCCTATCAGTTAGC-1,0,True,T,3
694,GCTCTGTAGATCACGG-1,0,True,T,1
695,GCTCTGTCAAGAGTCG-1,0,True,T,1
696,GCTCTGTCATTCCTGC-1,0,True,T,1
697,GCTCTGTTCGATAGAA-1,1,True,T,3
698,GCTGCAGAGAAGGGTA-1,0,True,N,2
699,GCTGCAGCAAAGGTGC-1,0,True,T,1
700,GCTGCAGTCAGTACGT-1,0,True,T,1
701,GCTGCGAGTCTCTCTG-1,0,True,N,2
702,GCTGCGATCAGCAACT-1,0,True,T,1
703,GCTGGGTCACCACGTG-1,0,True,T,1
704,GCTGGGTCATATACGC-1,0,True,T,1
705,GCTGGGTGTGCCTTGG-1,0,False,N,2
706,GCTTCCACAGGTCCAC-1,0,True,T,1
707,GCTTCCATCGTCCAGG-1,0,True,T,1
708,GCTTCCATCTTTCCTC-1,0,True,T,3
709,GCTTGAAGTAGGCATG-1,0,True,T,3
710,GGAAAGCAGCTAACTC-1,0,True,T,3
711,GGAACTTAGATCTGAA-1,0,True,T,3
712,GGAACTTCAACTGCTA-1,0,True,T,1
713,GGAACTTCAATACGCT-1,0,True,T,3
714,GGAATAACAGTAAGAT-1,0,True,N,2
715,GGAATAATCCGTAGTA-1,0,True,T,1
716,GGACAAGGTAGCGTGA-1,0,True,T,3
717,GGACAAGGTGGCTCCA-1,0,True,T,3
718,GGACAGAAGTGAAGAG-1,0,True,T,1
719,GGACAGATCAAAGTAG-1,0,True,T,1
720,GGACAGATCACCTCGT-1,0,True,T,1
721,GGACAGATCAGTGTTG-1,0,True,T,3
722,GGACAGATCCAAACAC-1,1,True,T,3
723,GGACATTAGAACTCGG-1,0,True,T,1
724,GGACATTAGTCATGCT-1,0,True,T,1
725,GGACATTCAGGGCATA-1,0,True,T,1
726,GGACATTCATTACCTT-1,0,True,T,3
727,GGACGTCAGCACAGGT-1,0,True,T,3
728,GGACGTCCACAGCGTC-1,0,True,T,1
729,GGACGTCCACCGTTGG-1,0,True,N,2
730,GGACGTCGTCAACATC-1,0,True,T,1
731,GGACGTCTCCGTTGCT-1,0,True,T,3
732,GGACGTCTCCTAGGGC-1,0,True,T,3
733,GGAGCAAGTCCTCTTG-1,0,True,N,2
734,GGAGCAAGTCTAGTCA-1,0,True,T,1
735,GGAGCAATCCGAGCCA-1,0,True,T,1
736,GGATGTTGTCATCCCT-1,0,True,T,3
737,GGATTACAGCAATATG-1,1,True,T,3
738,GGCAATTAGCTGTCTA-1,0,True,T,3
739,GGCAATTAGTCCAGGA-1,0,True,N,2
740,GGCAATTAGTCGTACT-1,0,True,T,1
741,GGCCGATCAGCGTAAG-1,0,True,N,2
742,GGCCGATGTGCTTCTC-1,0,True,T,3
743,GGCGACTAGCTGTTCA-1,0,True,N,2
744,GGCGACTAGTACGCCC-1,0,True,T,1
745,GGCGACTAGTCCGTAT-1,1,True,T,3
746,GGCGACTGTGTAAGTA-1,0,True,N,2
747,GGCGACTTCTGGGCCA-1,0,True,N,2
748,GGCGTGTCACCGTTGG-1,0,True,T,1
749,GGCTCGAAGTAGCGGT-1,0,True,T,3
750,GGCTCGACAAGTAGTA-1,0,True,T,3
751,GGCTCGACACTGTGTA-1,0,True,T,3
752,GGCTCGATCATTATCC-1,0,True,T,1
753,GGCTCGATCGGTTAAC-1,0,True,T,1
754,GGCTGGTCACGGTAAG-1,0,True,T,3
755,GGGAATGTCGCGGATC-1,0,True,N,2
756,GGGACCTAGCAGCCTC-1,0,True,T,1
757,GGGACCTCATCCCATC-1,0,True,T,1
758,GGGACCTTCGACAGCC-1,0,True,T,3
759,GGGAGATAGATATGGT-1,0,True,T,1
760,GGGAGATAGCGTTTAC-1,0,True,T,1
761,GGGAGATCATACGCCG-1,0,True,N,2
762,GGGATGAAGAGGACGG-1,1,True,T,3
763,GGGATGACAAGGTTCT-1,0,True,T,1
764,GGGATGACACCAGGTC-1,0,True,T,1
765,GGGATGAGTTCTGTTT-1,0,True,T,1
766,GGGCACTAGCCTATGT-1,0,True,T,3
767,GGGCATCCATGCTAGT-1,0,True,T,3
768,GGGCATCCATTCCTCG-1,0,True,N,2
769,GGGCATCGTCGGCATC-1,0,True,T,1
770,GGGCATCGTGACGGTA-1,0,True,T,1
771,GGGTCTGAGGGCTCTC-1,0,True,N,2
772,GGGTCTGGTAGAGTGC-1,0,True,T,1
773,GGGTCTGTCATCATTC-1,0,True,T,3
774,GGGTTGCCAGCTCGCA-1,0,True,T,1
775,GGGTTGCCAGTCACTA-1,0,True,N,2
776,GGGTTGCGTACGCTGC-1,0,True,T,1
777,GGGTTGCGTGGCAAAC-1,0,True,T,1
778,GGTATTGCATCCTAGA-1,0,True,T,1
779,GGTATTGTCTGTCTAT-1,0,True,T,1
780,GGTGAAGGTCCAGTAT-1,0,False,T,1
781,GGTGCGTGTGGTCCGT-1,0,True,N,2
782,GGTGTTAGTAACGCGA-1,0,True,T,1
783,GTAACGTAGTGCTGCC-1,0,True,T,3
784,GTAACTGCACCAGTTA-1,0,True,T,3
785,GTAACTGGTACCGTAT-1,0,True,T,1
786,GTAACTGGTTAAAGTG-1,0,True,T,1
787,GTAACTGTCGCCTGAG-1,0,True,N,2
788,GTACGTACAGTAAGCG-1,0,True,N,2
789,GTACTCCAGGAATGGA-1,0,True,T,1
790,GTACTCCAGTCGTACT-1,1,True,N,2
791,GTACTCCCACAGACAG-1,0,True,T,1
792,GTACTTTCACGGTGTC-1,0,True,N,2
793,GTACTTTGTGAAAGAG-1,0,True,T,3
794,GTACTTTGTGTCGCTG-1,0,True,N,2
795,GTAGGCCAGCGTTCCG-1,0,True,N,2
796,GTAGGCCCAAGAGGCT-1,0,True,T,3
797,GTAGGCCGTAATCACC-1,0,True,T,1
798,GTAGGCCGTCGCCATG-1,0,False,T,3
799,GTAGTCACACTTAAGC-1,0,True,N,2
800,GTAGTCACATACAGCT-1,0,True,T,3
801,GTAGTCACATATGGTC-1,0,True,T,3
802,GTAGTCAGTTCCACAA-1,1,True,T,3
803,GTATCTTGTACTTGAC-1,0,True,N,2
804,GTATCTTTCTTGTACT-1,0,True,T,3
805,GTATTCTAGTGTACTC-1,0,True,T,1
806,GTATTCTCAGCCAGAA-1,0,True,T,1
807,GTCAAGTCACTTCGAA-1,0,True,N,2
808,GTCAAGTCAGACAAGC-1,0,True,T,3
809,GTCACGGAGCTGAACG-1,0,True,T,2
810,GTCACGGAGTTGCAGG-1,0,True,T,1
811,GTCACGGCACTCTGTC-1,0,True,N,2
812,GTCACGGGTCAGCTAT-1,0,True,T,1
813,GTCATTTCACCGAAAG-1,0,True,T,1
814,GTCCTCAAGACATAAC-1,0,True,T,1
815,GTCGGGTAGCAGGCTA-1,0,True,T,1
816,GTCGGGTGTGGGTCAA-1,0,True,T,1
817,GTCGGGTTCACAACGT-1,0,True,T,1
818,GTCGGGTTCGACAGCC-1,0,True,N,2
819,GTCGTAATCCGTAGTA-1,0,True,T,1
820,GTCGTAATCTAACTTC-1,0,True,N,2
821,GTCGTAATCTTTACGT-1,0,True,T,3
822,GTCTCGTGTTCAGACT-1,0,True,T,1
823,GTCTTCGAGCTCCTTC-1,0,True,T,3
824,GTGAAGGCAATGAATG-1,0,True,T,3
825,GTGAAGGGTCGCGAAA-1,0,True,T,1
826,GTGAAGGTCGTTTGCC-1,0,True,T,1
827,GTGCAGCAGAGTAATC-1,0,True,T,1
828,GTGCAGCAGGCATTGG-1,0,True,T,1
829,GTGCAGCCACCAGCAC-1,0,True,N,2
830,GTGCAGCGTTGTTTGG-1,0,True,T,1
831,GTGCAGCTCATGCATG-1,0,True,T,3
832,GTGCATACACCACCAG-1,0,True,T,1
833,GTGCATACACGCTTTC-1,0,True,N,2
834,GTGCTTCCACATCCGG-1,0,True,N,2
835,GTGCTTCTCAACACTG-1,0,True,T,1
836,GTGGGTCGTATTCTCT-1,0,True,T,1
837,GTGTGCGCAAAGTGCG-1,0,True,N,2
838,GTGTGCGTCGGAATCT-1,0,True,T,1
839,GTGTTAGCAATCTACG-1,0,True,T,1
840,GTGTTAGCACCCTATC-1,0,True,T,1
841,GTGTTAGGTTAGAACA-1,0,True,T,1
842,GTTAAGCCAATGTAAG-1,1,True,T,1
843,GTTACAGGTAATCGTC-1,0,True,T,3
844,GTTACAGGTACGACCC-1,0,True,T,1
845,GTTACAGGTCAAGCGA-1,0,True,T,3
846,GTTACAGTCTTGTTTG-1,1,True,T,3
847,GTTCATTAGAGACTAT-1,0,True,T,1
848,GTTCATTGTTATCGGT-1,0,True,N,2
849,GTTCGGGAGATGTCGG-1,0,True,T,1
850,GTTCGGGCACTTGGAT-1,0,True,T,1
851,GTTCTCGAGAAACCGC-1,0,True,N,2
852,GTTCTCGAGAGGTTGC-1,0,False,T,3
853,GTTCTCGCAATCACAC-1,0,True,T,1
854,GTTCTCGGTAATAGCA-1,0,False,T,3
855,GTTCTCGGTCCCTTGT-1,0,True,N,2
856,GTTTCTATCCGTAGTA-1,0,True,N,2
857,TAAACCGAGGAACTGC-1,0,True,T,3
858,TAAACCGCACGGATAG-1,0,True,T,1
859,TAAACCGCAGATTGCT-1,0,True,T,3
860,TAAACCGGTATATGAG-1,0,True,N,2
861,TAAACCGTCAAACCAC-1,0,True,T,3
862,TAAGAGATCTGAGTGT-1,0,True,T,1
863,TAAGCGTAGCCCAGCT-1,0,True,T,1
864,TAAGCGTCAGGCAGTA-1,0,True,T,1
865,TAAGCGTGTCTAACGT-1,0,True,T,3
866,TAAGTGCAGAATAGGG-1,0,True,T,1
867,TAAGTGCCAATCACAC-1,0,True,T,1
868,TACACGAAGTGAATTG-1,0,True,T,3
869,TACACGAAGTTAACGA-1,0,True,T,1
870,TACACGACACAAGCCC-1,1,False,T,3
871,TACACGAGTCAAAGAT-1,1,True,T,3
872,TACACGAGTTGAACTC-1,0,True,T,1
873,TACAGTGCAGACGCTC-1,0,True,T,1
874,TACAGTGGTAACGTTC-1,0,True,T,3
875,TACAGTGGTTCTCATT-1,0,True,T,1
876,TACCTATAGATGAGAG-1,0,True,N,2
877,TACCTATAGATGGCGT-1,0,True,T,3
878,TACCTATAGGACACCA-1,0,True,N,2
879,TACCTATCAGATGGGT-1,0,True,N,2
880,TACCTTAGTCAGAAGC-1,0,True,N,2
881,TACGGATCATTGGGCC-1,0,True,N,2
882,TACGGGCCACCACCAG-1,0,True,T,1
883,TACGGGCTCAATCACG-1,0,True,N,2
884,TACGGTAAGCGTAGTG-1,1,True,T,3
885,TACGGTATCAGTTAGC-1,0,True,T,3
886,TACTCGCAGGGTGTTG-1,0,True,N,2
887,TACTCGCGTTCCAACA-1,0,True,T,3
888,TACTTACAGACACGAC-1,0,True,T,1
889,TACTTACCAAGAGTCG-1,0,True,T,1
890,TACTTACGTTAAGAAC-1,0,True,T,1
891,TACTTACTCTGACCTC-1,0,True,T,1
892,TACTTGTAGAGGTAGA-1,0,True,T,1
893,TACTTGTCATGCCCGA-1,0,True,N,2
894,TACTTGTGTAGCGTCC-1,0,True,T,1
895,TACTTGTTCACTGGGC-1,1,True,T,3
896,TAGACCAAGACAGACC-1,0,True,T,3
897,TAGACCATCTCTGTCG-1,0,True,N,2
898,TAGAGCTTCCATGAGT-1,0,True,N,2
899,TAGCCGGCATAACCTG-1,0,True,T,3
900,TAGTGGTCAATGTAAG-1,0,True,N,2
901,TAGTTGGCACCGAAAG-1,0,True,N,2
902,TATCTCAGTCCTCTTG-1,0,True,N,2
903,TATGCCCCACCCATGG-1,0,True,T,3
904,TATTACCAGTACGATA-1,0,True,T,3
905,TATTACCGTTTAAGCC-1,0,True,T,3
906,TATTACCTCGATAGAA-1,0,True,T,1
907,TCAACGAGTTTGGCGC-1,0,True,T,3
908,TCAACGATCCGCATAA-1,0,True,T,1
909,TCAATCTAGTGTGGCA-1,1,True,T,3
910,TCAATCTCACGACTCG-1,0,True,T,1
911,TCACAAGCAGCTTAAC-1,0,True,N,2
912,TCACAAGTCGAATCCA-1,0,True,N,2
913,TCACAAGTCGTGGACC-1,0,True,N,2
914,TCACGAAAGTTAACGA-1,0,True,T,3
915,TCACGAACACAGGCCT-1,0,True,T,1
916,TCACGAAGTTTGTTGG-1,0,True,T,1
917,TCAGATGAGGTAAACT-1,0,True,N,2
918,TCAGATGGTTACGCGC-1,0,True,T,1
919,TCAGATGGTTGATTCG-1,0,True,T,1
920,TCAGCAAAGGCTATCT-1,0,True,T,1
921,TCAGCAACAGACGCCT-1,0,True,T,1
922,TCAGCAAGTACAGCAG-1,0,True,T,1
923,TCAGCAATCATATCGG-1,0,True,T,1
924,TCAGCTCCAAGAGGCT-1,0,True,T,1
925,TCAGCTCTCGTAGGTT-1,0,True,T,1
926,TCAGGATGTTCCATGA-1,0,True,T,1
927,TCAGGATTCCCAACGG-1,1,True,T,3
928,TCAGGTACACGAAGCA-1,0,True,T,1
929,TCAGGTACACGGTAGA-1,0,True,T,1
930,TCAGGTATCATACGGT-1,0,True,T,1
931,TCATTACAGTGCCATT-1,0,True,T,1
932,TCATTACCACTAAGTC-1,0,True,N,2
933,TCATTACGTACCAGTT-1,0,True,N,2
934,TCATTACGTACCTACA-1,0,True,N,2
935,TCATTACGTACGCACC-1,0,True,T,1
936,TCATTACTCGAATCCA-1,0,True,T,3
937,TCATTTGCAATCCGAT-1,0,False,N,2
938,TCCACACGTACTTCTT-1,0,True,T,1
939,TCCCGATAGGCTAGCA-1,0,True,N,2
940,TCCCGATGTCGCGGTT-1,0,True,N,2
941,TCGAGGCCACATTCGA-1,0,True,N,2
942,TCGAGGCCATTGGCGC-1,0,True,T,1
943,TCGCGAGAGAAGGTTT-1,0,True,N,2
944,TCGCGAGAGACATAAC-1,0,True,T,3
945,TCGCGAGAGATCGATA-1,0,True,T,3
946,TCGCGAGCACCTATCC-1,0,True,N,2
947,TCGCGAGCATGGATGG-1,0,True,T,1
948,TCGCGAGTCCGCTGTT-1,0,True,T,1
949,TCGCGTTCACCAGGCT-1,0,True,N,2
950,TCGCGTTGTGACCAAG-1,0,True,T,1
951,TCGCGTTTCGAATGCT-1,0,True,T,1
952,TCGGGACTCACTCCTG-1,0,True,T,1
953,TCGGTAAAGCAATCTC-1,0,True,T,1
954,TCGGTAAGTGACGGTA-1,0,True,T,1
955,TCGGTAAGTTTACTCT-1,0,True,T,1
956,TCGGTAATCCGCGCAA-1,1,True,T,3
957,TCGTACCCAAGTCTGT-1,0,True,N,2
958,TCGTACCGTCGAATCT-1,0,True,T,1
959,TCGTAGACAACAACCT-1,0,True,T,1
960,TCGTAGATCGCGTAGC-1,0,True,T,3
961,TCTATTGCAAACGCGA-1,0,True,T,1
962,TCTATTGGTGCGAAAC-1,0,True,T,3
963,TCTATTGTCATGTAGC-1,0,True,N,2
964,TCTCATATCGGTGTCG-1,0,True,T,3
965,TCTCTAAAGCGTAATA-1,0,True,T,3
966,TCTCTAAGTCAATACC-1,0,True,N,2
967,TCTGAGACAGTACACT-1,0,True,N,2
968,TCTGAGACATATGCTG-1,0,True,N,2
969,TCTGAGATCTAACTGG-1,0,True,N,2
970,TCTGGAACAGACAAGC-1,0,True,N,2
971,TCTGGAACAGTATGCT-1,0,True,N,2
972,TCTGGAACATGGTCTA-1,0,True,N,2
973,TCTGGAAGTCGGATCC-1,0,True,N,2
974,TCTTCGGGTGATGTGG-1,0,True,N,2
975,TCTTCGGGTTTGTGTG-1,0,True,T,1
976,TCTTTCCAGTACGACG-1,0,True,T,1
977,TCTTTCCAGTGGTCCC-1,0,True,T,1
978,TCTTTCCTCACCGTAA-1,0,True,T,1
979,TCTTTCCTCGGCGCTA-1,0,True,T,3
980,TGAAAGAAGCCACCTG-1,0,True,T,1
981,TGAAAGATCGAATGCT-1,0,True,N,2
982,TGACAACCACGCGAAA-1,0,True,T,1
983,TGACAACCACGGCTAC-1,1,True,T,3
984,TGACGGCTCCTAGTGA-1,0,True,N,2
985,TGACGGCTCTTTACAC-1,0,True,N,2
986,TGACTAGAGGCAGTCA-1,0,True,T,1
987,TGACTAGCAACACCCG-1,0,True,N,2
988,TGACTAGCACGTCTCT-1,0,True,T,1
989,TGACTTTAGATGTTAG-1,0,True,N,2
990,TGACTTTTCCGCATAA-1,1,True,T,3
991,TGAGAGGAGCTAACAA-1,0,True,N,2
992,TGAGAGGAGTATCGAA-1,0,True,T,3
993,TGAGCCGAGACAAGCC-1,0,True,T,1
994,TGAGCCGAGCACGCCT-1,1,True,T,3
995,TGAGGGAAGTTAAGTG-1,0,True,T,1
996,TGAGGGATCGTCGTTC-1,0,True,T,3
997,TGATTTCGTAACGTTC-1,0,True,T,1
998,TGATTTCTCACAGGCC-1,0,True,T,1
999,TGCACCTAGAGGTACC-1,0,True,T,1
1000,TGCACCTGTCGCGGTT-1,0,True,T,1
1001,TGCACCTTCAACACAC-1,0,True,N,2
1002,TGCACCTTCAACACCA-1,0,True,N,2
1003,TGCCAAAGTTAGAACA-1,0,True,T,1
1004,TGCCCATAGCCTTGAT-1,0,True,T,1
1005,TGCCCATGTACTTGAC-1,0,True,T,1
1006,TGCCCATTCAGAGCTT-1,0,True,N,2
1007,TGCCCTAAGACGACGT-1,0,True,T,1
1008,TGCGCAGAGAGACTTA-1,0,True,T,3
1009,TGCGCAGGTACCATCA-1,0,True,N,2
1010,TGCGCAGGTATATGGA-1,0,True,T,3
1011,TGCGCAGGTCTTCGTC-1,0,True,N,2
1012,TGCGGGTTCATTGCGA-1,0,True,T,1
1013,TGCGTGGAGCGAAGGG-1,0,True,T,3
1014,TGCGTGGCATATGAGA-1,0,False,T,3
1015,TGCGTGGGTACAGACG-1,0,True,T,3
1016,TGCTACCAGATGTCGG-1,0,True,T,1
1017,TGCTACCCACGAGGTA-1,0,True,T,3
1018,TGCTACCTCTTACCTA-1,0,True,N,2
1019,TGCTGCTCAAGCGAGT-1,0,True,T,1
1020,TGCTGCTCACCCATTC-1,0,True,T,1
1021,TGCTGCTGTCTAGAGG-1,0,True,T,1
1022,TGGACGCAGAAGGTGA-1,0,True,T,1
1023,TGGACGCCACCAACCG-1,0,True,T,3
1024,TGGCCAGAGCAGGTCA-1,0,True,N,2
1025,TGGCCAGCAGTATGCT-1,1,True,T,3
1026,TGGCCAGGTCTCATCC-1,0,True,T,3
1027,TGGCCAGTCAAAGTAG-1,0,True,N,2
1028,TGGCCAGTCACAATGC-1,1,True,T,3
1029,TGGCGCAAGAATAGGG-1,0,True,T,3
1030,TGGCGCATCGAGAACG-1,0,True,T,1
1031,TGGCTGGAGCACAGGT-1,0,True,T,1
1032,TGGCTGGTCAGGCCCA-1,0,True,T,1
1033,TGGGCGTAGTATCTCG-1,0,True,T,1
1034,TGGGCGTGTTCCACGG-1,0,True,T,3
1035,TGGGCGTTCAAAGACA-1,0,True,T,1
1036,TGGTTAGGTCGGGTCT-1,0,True,T,1
1037,TGGTTCCCATGCTAGT-1,0,True,T,1
1038,TGGTTCCTCATGGTCA-1,0,True,T,3
1039,TGTATTCCATGATCCA-1,0,True,T,3
1040,TGTATTCTCTGAAAGA-1,0,True,T,1
1041,TGTCCCACATGGTCTA-1,0,True,T,1
1042,TGTGGTAAGAGCCTAG-1,0,True,T,1
1043,TGTGGTAGTGTAAGTA-1,0,True,T,1
1044,TGTGGTATCCATTCTA-1,0,True,N,2
1045,TGTTCCGCACCTCGTT-1,0,True,T,1
1046,TGTTCCGGTATGCTTG-1,0,True,N,2
1047,TTAACTCGTTAAGGGC-1,0,True,N,2
1048,TTAGGACAGCCAGTTT-1,0,True,T,1
1049,TTAGGACAGTGAATTG-1,0,True,T,1
1050,TTAGGACCACAGGCCT-1,0,True,T,1
1051,TTAGGACGTGTATGGG-1,0,True,T,1
1052,TTAGTTCAGATCCCGC-1,0,True,T,1
1053,TTAGTTCAGCGATCCC-1,0,True,N,2
1054,TTATGCTAGATGTCGG-1,0,True,N,2
1055,TTATGCTGTTGATTGC-1,0,True,T,3
1056,TTCGAAGAGTGACTCT-1,0,True,N,2
1057,TTCGAAGCAATGGTCT-1,0,False,N,2
1058,TTCGAAGTCAAACAAG-1,0,True,N,2
1059,TTCGAAGTCACCTCGT-1,0,True,T,1
1060,TTCGAAGTCAGGTAAA-1,0,True,T,1
1061,TTCGAAGTCTTGCCGT-1,0,True,N,2
1062,TTCGGTCAGTGGCACA-1,0,True,T,1
1063,TTCGGTCTCCTGCAGG-1,0,True,T,1
1064,TTCGGTCTCTGGCGAC-1,0,True,N,2
1065,TTCTACAAGATGGGTC-1,0,True,T,1
1066,TTCTACACAATACGCT-1,0,True,N,2
1067,TTCTCAAAGCGTTGCC-1,0,True,N,2
1068,TTCTCAAGTCCGAACC-1,0,True,T,1
1069,TTCTCAATCGCCTGAG-1,0,True,N,2
1070,TTCTCAATCTGATTCT-1,0,True,T,1
1071,TTCTTAGGTTTGGCGC-1,0,True,T,1
1072,TTCTTAGTCATTGCGA-1,0,True,T,3
1073,TTGACTTCATATACCG-1,0,True,T,1
1074,TTGACTTTCTTTAGGG-1,0,True,N,2
1075,TTGCGTCAGAGACTTA-1,0,True,T,3
1076,TTGCGTCAGGTAGCCA-1,0,True,N,2
1077,TTGGAACAGGGCATGT-1,0,True,T,1
1078,TTGGAACAGTAAGTAC-1,0,True,T,3
1079,TTGGAACCACAGTCGC-1,0,True,N,2
1080,TTGGAACCACCGTTGG-1,0,True,T,1
1081,TTGGCAATCAGTTTGG-1,0,True,T,1
1082,TTGGCAATCGTCTGAA-1,0,True,N,2
1083,TTGGCAATCGTTTGCC-1,0,True,T,1
1084,TTGGCAATCTTGTTTG-1,0,True,T,1
1085,TTGTAGGAGAGCCCAA-1,0,True,N,2
1086,TTGTAGGGTCGACTGC-1,0,True,N,2
1087,TTGTAGGTCTTCAACT-1,1,True,T,3
1088,TTTACTGAGGACGAAA-1,0,True,N,2
1089,TTTACTGCATGCTAGT-1,0,True,N,2
1090,TTTACTGGTACTCGCG-1,0,True,T,1
1091,TTTATGCGTAAAGTCA-1,0,True,T,1
1092,TTTATGCTCCTCATTA-1,0,True,T,1
1093,TTTATGCTCTGTTGAG-1,0,True,T,1
1094,TTTCCTCTCGGAAACG-1,0,True,T,1
1095,TTTGCGCCAATCACAC-1,0,True,T,1
1096,TTTGTCATCTTGTATC-1,0,True,T,1
